filename,label
masked_pls (529).jpg,Phylosticta_LS_1000
masked_pls (533).jpg,Phylosticta_LS_1000
masked_pls (644).jpg,Phylosticta_LS_1000
masked_pls (82).jpg,Phylosticta_LS_1000
masked_pls (602).jpg,Phylosticta_LS_1000
masked_pls (645).jpg,Phylosticta_LS_1000
masked_pls (74).jpg,Phylosticta_LS_1000
masked_pls (78).jpg,Phylosticta_LS_1000
masked_pls (583).jpg,Phylosticta_LS_1000
masked_pls (217).jpg,Phylosticta_LS_1000
masked_pls (403).jpg,Phylosticta_LS_1000
masked_pls (567).jpg,Phylosticta_LS_1000
masked_pls (434).jpg,Phylosticta_LS_1000
masked_pls (637).jpg,Phylosticta_LS_1000
masked_pls (600).jpg,Phylosticta_LS_1000
masked_pls (210).jpg,Phylosticta_LS_1000
masked_pls (444).jpg,Phylosticta_LS_1000
masked_pls (12).jpg,Phylosticta_LS_1000
masked_pls (63).jpg,Phylosticta_LS_1000
masked_pls (417).jpg,Phylosticta_LS_1000
masked_pls (30).jpg,Phylosticta_LS_1000
masked_pls (514).jpg,Phylosticta_LS_1000
masked_pls (10).jpg,Phylosticta_LS_1000
masked_pls (110).jpg,Phylosticta_LS_1000
masked_pls (189).jpg,Phylosticta_LS_1000
masked_pls (193).jpg,Phylosticta_LS_1000
masked_pls (96).jpg,Phylosticta_LS_1000
masked_pls (449).jpg,Phylosticta_LS_1000
masked_pls (661).jpg,Phylosticta_LS_1000
masked_pls (57).jpg,Phylosticta_LS_1000
masked_pls (363).jpg,Phylosticta_LS_1000
masked_pls (589).jpg,Phylosticta_LS_1000
masked_pls (348).jpg,Phylosticta_LS_1000
masked_pls (388).jpg,Phylosticta_LS_1000
masked_pls (271).jpg,Phylosticta_LS_1000
masked_pls (323).jpg,Phylosticta_LS_1000
masked_pls (540).jpg,Phylosticta_LS_1000
masked_pls (622).jpg,Phylosticta_LS_1000
masked_pls (578).jpg,Phylosticta_LS_1000
masked_pls (569).jpg,Phylosticta_LS_1000
masked_pls (556).jpg,Phylosticta_LS_1000
masked_pls (40).jpg,Phylosticta_LS_1000
masked_pls (13).jpg,Phylosticta_LS_1000
masked_pls (62).jpg,Phylosticta_LS_1000
masked_pls (277).jpg,Phylosticta_LS_1000
masked_pls (507).jpg,Phylosticta_LS_1000
masked_pls (346).jpg,Phylosticta_LS_1000
masked_pls (275).jpg,Phylosticta_LS_1000
masked_pls (615).jpg,Phylosticta_LS_1000
masked_pls (385).jpg,Phylosticta_LS_1000
masked_pls (255).jpg,Phylosticta_LS_1000
masked_pls (163).jpg,Phylosticta_LS_1000
masked_pls (66).jpg,Phylosticta_LS_1000
masked_pls (109).jpg,Phylosticta_LS_1000
masked_pls (134).jpg,Phylosticta_LS_1000
masked_pls (642).jpg,Phylosticta_LS_1000
masked_pls (422).jpg,Phylosticta_LS_1000
masked_pls (539).jpg,Phylosticta_LS_1000
masked_pls (20).jpg,Phylosticta_LS_1000
masked_pls (295).jpg,Phylosticta_LS_1000
masked_pls (553).jpg,Phylosticta_LS_1000
masked_pls (392).jpg,Phylosticta_LS_1000
masked_pls (377).jpg,Phylosticta_LS_1000
masked_pls (474).jpg,Phylosticta_LS_1000
masked_pls (465).jpg,Phylosticta_LS_1000
masked_pls (221).jpg,Phylosticta_LS_1000
masked_pls (283).jpg,Phylosticta_LS_1000
masked_pls (216).jpg,Phylosticta_LS_1000
masked_pls (401).jpg,Phylosticta_LS_1000
masked_pls (466).jpg,Phylosticta_LS_1000
masked_pls (636).jpg,Phylosticta_LS_1000
masked_pls (560).jpg,Phylosticta_LS_1000
masked_pls (464).jpg,Phylosticta_LS_1000
masked_pls (628).jpg,Phylosticta_LS_1000
masked_pls (211).jpg,Phylosticta_LS_1000
masked_pls (441).jpg,Phylosticta_LS_1000
masked_pls (604).jpg,Phylosticta_LS_1000
masked_pls (337).jpg,Phylosticta_LS_1000
masked_pls (21).jpg,Phylosticta_LS_1000
masked_pls (641).jpg,Phylosticta_LS_1000
masked_pls (305).jpg,Phylosticta_LS_1000
masked_pls (47).jpg,Phylosticta_LS_1000
masked_pls (432).jpg,Phylosticta_LS_1000
masked_pls (225).jpg,Phylosticta_LS_1000
masked_pls (37).jpg,Phylosticta_LS_1000
masked_pls (582).jpg,Phylosticta_LS_1000
masked_pls (617).jpg,Phylosticta_LS_1000
masked_pls (513).jpg,Phylosticta_LS_1000
masked_pls (462).jpg,Phylosticta_LS_1000
masked_pls (222).jpg,Phylosticta_LS_1000
masked_pls (579).jpg,Phylosticta_LS_1000
masked_pls (338).jpg,Phylosticta_LS_1000
masked_pls (228).jpg,Phylosticta_LS_1000
masked_pls (36).jpg,Phylosticta_LS_1000
masked_pls (161).jpg,Phylosticta_LS_1000
masked_pls (102).jpg,Phylosticta_LS_1000
masked_pls (333).jpg,Phylosticta_LS_1000
masked_pls (309).jpg,Phylosticta_LS_1000
masked_pls (588).jpg,Phylosticta_LS_1000
masked_pls (350).jpg,Phylosticta_LS_1000
masked_pls (227).jpg,Phylosticta_LS_1000
masked_pls (120).jpg,Phylosticta_LS_1000
masked_pls (304).jpg,Phylosticta_LS_1000
masked_pls (24).jpg,Phylosticta_LS_1000
masked_pls (510).jpg,Phylosticta_LS_1000
masked_pls (527).jpg,Phylosticta_LS_1000
masked_pls (177).jpg,Phylosticta_LS_1000
masked_pls (14).jpg,Phylosticta_LS_1000
masked_pls (450).jpg,Phylosticta_LS_1000
masked_pls (17).jpg,Phylosticta_LS_1000
masked_pls (269).jpg,Phylosticta_LS_1000
masked_pls (127).jpg,Phylosticta_LS_1000
masked_pls (137).jpg,Phylosticta_LS_1000
masked_pls (387).jpg,Phylosticta_LS_1000
masked_pls (345).jpg,Phylosticta_LS_1000
masked_pls (528).jpg,Phylosticta_LS_1000
masked_pls (15).jpg,Phylosticta_LS_1000
masked_pls (575).jpg,Phylosticta_LS_1000
masked_pls (141).jpg,Phylosticta_LS_1000
masked_pls (248).jpg,Phylosticta_LS_1000
masked_pls (658).jpg,Phylosticta_LS_1000
masked_pls (357).jpg,Phylosticta_LS_1000
masked_pls (118).jpg,Phylosticta_LS_1000
masked_pls (274).jpg,Phylosticta_LS_1000
masked_pls (104).jpg,Phylosticta_LS_1000
masked_pls (353).jpg,Phylosticta_LS_1000
masked_pls (410).jpg,Phylosticta_LS_1000
masked_pls (167).jpg,Phylosticta_LS_1000
masked_pls (522).jpg,Phylosticta_LS_1000
masked_pls (446).jpg,Phylosticta_LS_1000
masked_pls (351).jpg,Phylosticta_LS_1000
masked_pls (184).jpg,Phylosticta_LS_1000
masked_pls (235).jpg,Phylosticta_LS_1000
masked_pls (454).jpg,Phylosticta_LS_1000
masked_pls (68).jpg,Phylosticta_LS_1000
masked_pls (142).jpg,Phylosticta_LS_1000
masked_pls (530).jpg,Phylosticta_LS_1000
masked_pls (347).jpg,Phylosticta_LS_1000
masked_pls (566).jpg,Phylosticta_LS_1000
masked_pls (232).jpg,Phylosticta_LS_1000
masked_pls (70).jpg,Phylosticta_LS_1000
masked_pls (195).jpg,Phylosticta_LS_1000
masked_pls (190).jpg,Phylosticta_LS_1000
masked_pls (233).jpg,Phylosticta_LS_1000
masked_pls (541).jpg,Phylosticta_LS_1000
masked_pls (590).jpg,Phylosticta_LS_1000
masked_pls (592).jpg,Phylosticta_LS_1000
masked_pls (89).jpg,Phylosticta_LS_1000
masked_pls (173).jpg,Phylosticta_LS_1000
masked_pls (428).jpg,Phylosticta_LS_1000
masked_pls (72).jpg,Phylosticta_LS_1000
masked_pls (408).jpg,Phylosticta_LS_1000
masked_pls (282).jpg,Phylosticta_LS_1000
masked_pls (297).jpg,Phylosticta_LS_1000
masked_pls (476).jpg,Phylosticta_LS_1000
masked_pls (550).jpg,Phylosticta_LS_1000
masked_pls (418).jpg,Phylosticta_LS_1000
masked_pls (543).jpg,Phylosticta_LS_1000
masked_pls (597).jpg,Phylosticta_LS_1000
masked_pls (653).jpg,Phylosticta_LS_1000
masked_pls (453).jpg,Phylosticta_LS_1000
masked_pls (50).jpg,Phylosticta_LS_1000
masked_pls (268).jpg,Phylosticta_LS_1000
masked_pls (136).jpg,Phylosticta_LS_1000
masked_pls (204).jpg,Phylosticta_LS_1000
masked_pls (180).jpg,Phylosticta_LS_1000
masked_pls (289).jpg,Phylosticta_LS_1000
masked_pls (532).jpg,Phylosticta_LS_1000
masked_pls (505).jpg,Phylosticta_LS_1000
masked_pls (477).jpg,Phylosticta_LS_1000
masked_pls (258).jpg,Phylosticta_LS_1000
masked_pls (319).jpg,Phylosticta_LS_1000
masked_pls (4).jpg,Phylosticta_LS_1000
masked_pls (358).jpg,Phylosticta_LS_1000
masked_pls (572).jpg,Phylosticta_LS_1000
masked_pls (7).jpg,Phylosticta_LS_1000
masked_pls (563).jpg,Phylosticta_LS_1000
masked_pls (238).jpg,Phylosticta_LS_1000
masked_pls (313).jpg,Phylosticta_LS_1000
masked_pls (8).jpg,Phylosticta_LS_1000
masked_pls (395).jpg,Phylosticta_LS_1000
masked_pls (561).jpg,Phylosticta_LS_1000
masked_pls (463).jpg,Phylosticta_LS_1000
masked_pls (468).jpg,Phylosticta_LS_1000
masked_pls (312).jpg,Phylosticta_LS_1000
masked_pls (34).jpg,Phylosticta_LS_1000
masked_pls (494).jpg,Phylosticta_LS_1000
masked_pls (393).jpg,Phylosticta_LS_1000
masked_pls (481).jpg,Phylosticta_LS_1000
masked_pls (185).jpg,Phylosticta_LS_1000
masked_pls (67).jpg,Phylosticta_LS_1000
masked_pls (94).jpg,Phylosticta_LS_1000
masked_pls (90).jpg,Phylosticta_LS_1000
masked_pls (54).jpg,Phylosticta_LS_1000
masked_pls (366).jpg,Phylosticta_LS_1000
masked_pls (359).jpg,Phylosticta_LS_1000
masked_pls (521).jpg,Phylosticta_LS_1000
masked_pls (438).jpg,Phylosticta_LS_1000
masked_pls (236).jpg,Phylosticta_LS_1000
masked_pls (508).jpg,Phylosticta_LS_1000
masked_pls (49).jpg,Phylosticta_LS_1000
masked_pls (487).jpg,Phylosticta_LS_1000
masked_pls (87).jpg,Phylosticta_LS_1000
masked_pls (128).jpg,Phylosticta_LS_1000
masked_pls (370).jpg,Phylosticta_LS_1000
masked_pls (437).jpg,Phylosticta_LS_1000
masked_pls (576).jpg,Phylosticta_LS_1000
masked_pls (123).jpg,Phylosticta_LS_1000
masked_pls (112).jpg,Phylosticta_LS_1000
masked_pls (264).jpg,Phylosticta_LS_1000
masked_pls (3).jpg,Phylosticta_LS_1000
masked_pls (100).jpg,Phylosticta_LS_1000
masked_pls (621).jpg,Phylosticta_LS_1000
masked_pls (146).jpg,Phylosticta_LS_1000
masked_pls (223).jpg,Phylosticta_LS_1000
masked_pls (97).jpg,Phylosticta_LS_1000
masked_pls (601).jpg,Phylosticta_LS_1000
masked_pls (413).jpg,Phylosticta_LS_1000
masked_pls (648).jpg,Phylosticta_LS_1000
masked_pls (168).jpg,Phylosticta_LS_1000
masked_pls (205).jpg,Phylosticta_LS_1000
masked_pls (119).jpg,Phylosticta_LS_1000
masked_pls (314).jpg,Phylosticta_LS_1000
masked_pls (220).jpg,Phylosticta_LS_1000
masked_pls (303).jpg,Phylosticta_LS_1000
masked_pls (19).jpg,Phylosticta_LS_1000
masked_pls (663).jpg,Phylosticta_LS_1000
masked_pls (612).jpg,Phylosticta_LS_1000
masked_pls (107).jpg,Phylosticta_LS_1000
masked_pls (130).jpg,Phylosticta_LS_1000
masked_pls (635).jpg,Phylosticta_LS_1000
masked_pls (234).jpg,Phylosticta_LS_1000
masked_pls (557).jpg,Phylosticta_LS_1000
masked_pls (571).jpg,Phylosticta_LS_1000
masked_pls (270).jpg,Phylosticta_LS_1000
masked_pls (158).jpg,Phylosticta_LS_1000
masked_pls (316).jpg,Phylosticta_LS_1000
masked_pls (215).jpg,Phylosticta_LS_1000
masked_pls (421).jpg,Phylosticta_LS_1000
masked_pls (299).jpg,Phylosticta_LS_1000
masked_pls (311).jpg,Phylosticta_LS_1000
masked_pls (203).jpg,Phylosticta_LS_1000
masked_pls (448).jpg,Phylosticta_LS_1000
masked_pls (570).jpg,Phylosticta_LS_1000
masked_pls (241).jpg,Phylosticta_LS_1000
masked_pls (294).jpg,Phylosticta_LS_1000
masked_pls (399).jpg,Phylosticta_LS_1000
masked_pls (33).jpg,Phylosticta_LS_1000
masked_pls (511).jpg,Phylosticta_LS_1000
masked_pls (606).jpg,Phylosticta_LS_1000
masked_pls (607).jpg,Phylosticta_LS_1000
masked_pls (391).jpg,Phylosticta_LS_1000
masked_pls (154).jpg,Phylosticta_LS_1000
masked_pls (218).jpg,Phylosticta_LS_1000
masked_pls (73).jpg,Phylosticta_LS_1000
masked_pls (411).jpg,Phylosticta_LS_1000
masked_pls (365).jpg,Phylosticta_LS_1000
masked_pls (261).jpg,Phylosticta_LS_1000
masked_pls (105).jpg,Phylosticta_LS_1000
masked_pls (538).jpg,Phylosticta_LS_1000
masked_pls (488).jpg,Phylosticta_LS_1000
masked_pls (646).jpg,Phylosticta_LS_1000
masked_pls (265).jpg,Phylosticta_LS_1000
masked_pls (649).jpg,Phylosticta_LS_1000
masked_pls (22).jpg,Phylosticta_LS_1000
masked_pls (147).jpg,Phylosticta_LS_1000
masked_pls (197).jpg,Phylosticta_LS_1000
masked_pls (629).jpg,Phylosticta_LS_1000
masked_pls (548).jpg,Phylosticta_LS_1000
masked_pls (456).jpg,Phylosticta_LS_1000
masked_pls (414).jpg,Phylosticta_LS_1000
masked_pls (175).jpg,Phylosticta_LS_1000
masked_pls (52).jpg,Phylosticta_LS_1000
masked_pls (660).jpg,Phylosticta_LS_1000
masked_pls (16).jpg,Phylosticta_LS_1000
masked_pls (534).jpg,Phylosticta_LS_1000
masked_pls (544).jpg,Phylosticta_LS_1000
masked_pls (546).jpg,Phylosticta_LS_1000
masked_pls (542).jpg,Phylosticta_LS_1000
masked_pls (632).jpg,Phylosticta_LS_1000
masked_pls (106).jpg,Phylosticta_LS_1000
masked_pls (329).jpg,Phylosticta_LS_1000
masked_pls (170).jpg,Phylosticta_LS_1000
masked_pls (131).jpg,Phylosticta_LS_1000
masked_pls (374).jpg,Phylosticta_LS_1000
masked_pls (503).jpg,Phylosticta_LS_1000
masked_pls (172).jpg,Phylosticta_LS_1000
masked_pls (41).jpg,Phylosticta_LS_1000
masked_pls (526).jpg,Phylosticta_LS_1000
masked_pls (562).jpg,Phylosticta_LS_1000
masked_pls (473).jpg,Phylosticta_LS_1000
masked_pls (174).jpg,Phylosticta_LS_1000
masked_pls (113).jpg,Phylosticta_LS_1000
masked_pls (324).jpg,Phylosticta_LS_1000
masked_pls (355).jpg,Phylosticta_LS_1000
masked_pls (397).jpg,Phylosticta_LS_1000
masked_pls (56).jpg,Phylosticta_LS_1000
masked_pls (91).jpg,Phylosticta_LS_1000
masked_pls (290).jpg,Phylosticta_LS_1000
masked_pls (29).jpg,Phylosticta_LS_1000
masked_pls (360).jpg,Phylosticta_LS_1000
masked_pls (25).jpg,Phylosticta_LS_1000
masked_pls (442).jpg,Phylosticta_LS_1000
masked_pls (318).jpg,Phylosticta_LS_1000
masked_pls (404).jpg,Phylosticta_LS_1000
masked_pls (202).jpg,Phylosticta_LS_1000
masked_pls (262).jpg,Phylosticta_LS_1000
masked_pls (260).jpg,Phylosticta_LS_1000
masked_pls (26).jpg,Phylosticta_LS_1000
masked_pls (568).jpg,Phylosticta_LS_1000
masked_pls (659).jpg,Phylosticta_LS_1000
masked_pls (254).jpg,Phylosticta_LS_1000
masked_pls (327).jpg,Phylosticta_LS_1000
masked_pls (281).jpg,Phylosticta_LS_1000
masked_pls (608).jpg,Phylosticta_LS_1000
masked_pls (445).jpg,Phylosticta_LS_1000
masked_pls (187).jpg,Phylosticta_LS_1000
masked_pls (231).jpg,Phylosticta_LS_1000
masked_pls (443).jpg,Phylosticta_LS_1000
masked_pls (349).jpg,Phylosticta_LS_1000
masked_pls (384).jpg,Phylosticta_LS_1000
masked_pls (199).jpg,Phylosticta_LS_1000
masked_pls (378).jpg,Phylosticta_LS_1000
masked_pls (425).jpg,Phylosticta_LS_1000
masked_pls (525).jpg,Phylosticta_LS_1000
masked_pls (286).jpg,Phylosticta_LS_1000
masked_pls (518).jpg,Phylosticta_LS_1000
masked_pls (447).jpg,Phylosticta_LS_1000
masked_pls (101).jpg,Phylosticta_LS_1000
masked_pls (183).jpg,Phylosticta_LS_1000
masked_pls (79).jpg,Phylosticta_LS_1000
masked_pls (144).jpg,Phylosticta_LS_1000
masked_pls (375).jpg,Phylosticta_LS_1000
masked_pls (371).jpg,Phylosticta_LS_1000
masked_pls (143).jpg,Phylosticta_LS_1000
masked_pls (356).jpg,Phylosticta_LS_1000
masked_pls (334).jpg,Phylosticta_LS_1000
masked_pls (407).jpg,Phylosticta_LS_1000
masked_pls (5).jpg,Phylosticta_LS_1000
masked_pls (372).jpg,Phylosticta_LS_1000
masked_pls (409).jpg,Phylosticta_LS_1000
masked_pls (535).jpg,Phylosticta_LS_1000
masked_pls (656).jpg,Phylosticta_LS_1000
masked_pls (182).jpg,Phylosticta_LS_1000
masked_pls (124).jpg,Phylosticta_LS_1000
masked_pls (244).jpg,Phylosticta_LS_1000
masked_pls (317).jpg,Phylosticta_LS_1000
masked_pls (376).jpg,Phylosticta_LS_1000
masked_pls (429).jpg,Phylosticta_LS_1000
masked_pls (18).jpg,Phylosticta_LS_1000
masked_pls (412).jpg,Phylosticta_LS_1000
masked_pls (200).jpg,Phylosticta_LS_1000
masked_pls (352).jpg,Phylosticta_LS_1000
masked_pls (330).jpg,Phylosticta_LS_1000
masked_pls (482).jpg,Phylosticta_LS_1000
masked_pls (230).jpg,Phylosticta_LS_1000
masked_pls (611).jpg,Phylosticta_LS_1000
masked_pls (58).jpg,Phylosticta_LS_1000
masked_pls (457).jpg,Phylosticta_LS_1000
masked_pls (630).jpg,Phylosticta_LS_1000
masked_pls (155).jpg,Phylosticta_LS_1000
masked_pls (35).jpg,Phylosticta_LS_1000
masked_pls (554).jpg,Phylosticta_LS_1000
masked_pls (479).jpg,Phylosticta_LS_1000
masked_pls (51).jpg,Phylosticta_LS_1000
masked_pls (320).jpg,Phylosticta_LS_1000
masked_pls (310).jpg,Phylosticta_LS_1000
masked_pls (259).jpg,Phylosticta_LS_1000
masked_pls (502).jpg,Phylosticta_LS_1000
masked_pls (250).jpg,Phylosticta_LS_1000
masked_pls (247).jpg,Phylosticta_LS_1000
masked_pls (515).jpg,Phylosticta_LS_1000
masked_pls (55).jpg,Phylosticta_LS_1000
masked_pls (75).jpg,Phylosticta_LS_1000
masked_pls (209).jpg,Phylosticta_LS_1000
masked_pls (451).jpg,Phylosticta_LS_1000
masked_pls (293).jpg,Phylosticta_LS_1000
masked_pls (263).jpg,Phylosticta_LS_1000
masked_pls (207).jpg,Phylosticta_LS_1000
masked_pls (23).jpg,Phylosticta_LS_1000
masked_pls (198).jpg,Phylosticta_LS_1000
masked_pls (512).jpg,Phylosticta_LS_1000
masked_pls (440).jpg,Phylosticta_LS_1000
masked_pls (92).jpg,Phylosticta_LS_1000
masked_pls (650).jpg,Phylosticta_LS_1000
masked_pls (416).jpg,Phylosticta_LS_1000
masked_pls (103).jpg,Phylosticta_LS_1000
masked_pls (564).jpg,Phylosticta_LS_1000
masked_pls (593).jpg,Phylosticta_LS_1000
masked_pls (151).jpg,Phylosticta_LS_1000
masked_pls (586).jpg,Phylosticta_LS_1000
masked_pls (509).jpg,Phylosticta_LS_1000
masked_pls (253).jpg,Phylosticta_LS_1000
masked_pls (400).jpg,Phylosticta_LS_1000
masked_pls (9).jpg,Phylosticta_LS_1000
masked_pls (308).jpg,Phylosticta_LS_1000
masked_pls (547).jpg,Phylosticta_LS_1000
masked_pls (485).jpg,Phylosticta_LS_1000
masked_pls (249).jpg,Phylosticta_LS_1000
masked_pls (551).jpg,Phylosticta_LS_1000
masked_pls (287).jpg,Phylosticta_LS_1000
masked_pls (179).jpg,Phylosticta_LS_1000
masked_pls (342).jpg,Phylosticta_LS_1000
masked_pls (116).jpg,Phylosticta_LS_1000
masked_pls (28).jpg,Phylosticta_LS_1000
masked_pls (315).jpg,Phylosticta_LS_1000
masked_pls (272).jpg,Phylosticta_LS_1000
masked_pls (500).jpg,Phylosticta_LS_1000
masked_pls (552).jpg,Phylosticta_LS_1000
masked_pls (125).jpg,Phylosticta_LS_1000
masked_pls (201).jpg,Phylosticta_LS_1000
masked_pls (206).jpg,Phylosticta_LS_1000
masked_pls (643).jpg,Phylosticta_LS_1000
masked_pls (368).jpg,Phylosticta_LS_1000
masked_pls (619).jpg,Phylosticta_LS_1000
masked_pls (229).jpg,Phylosticta_LS_1000
masked_pls (1).jpg,Phylosticta_LS_1000
masked_pls (298).jpg,Phylosticta_LS_1000
masked_pls (517).jpg,Phylosticta_LS_1000
masked_pls (38).jpg,Phylosticta_LS_1000
masked_pls (192).jpg,Phylosticta_LS_1000
masked_pls (322).jpg,Phylosticta_LS_1000
masked_pls (191).jpg,Phylosticta_LS_1000
masked_pls (373).jpg,Phylosticta_LS_1000
masked_pls (93).jpg,Phylosticta_LS_1000
masked_pls (122).jpg,Phylosticta_LS_1000
masked_pls (415).jpg,Phylosticta_LS_1000
masked_pls (321).jpg,Phylosticta_LS_1000
masked_pls (455).jpg,Phylosticta_LS_1000
masked_pls (226).jpg,Phylosticta_LS_1000
masked_pls (344).jpg,Phylosticta_LS_1000
masked_pls (634).jpg,Phylosticta_LS_1000
masked_pls (32).jpg,Phylosticta_LS_1000
masked_pls (339).jpg,Phylosticta_LS_1000
masked_pls (369).jpg,Phylosticta_LS_1000
masked_pls (478).jpg,Phylosticta_LS_1000
masked_pls (624).jpg,Phylosticta_LS_1000
masked_pls (469).jpg,Phylosticta_LS_1000
masked_pls (186).jpg,Phylosticta_LS_1000
masked_pls (609).jpg,Phylosticta_LS_1000
masked_pls (292).jpg,Phylosticta_LS_1000
masked_pls (651).jpg,Phylosticta_LS_1000
masked_pls (492).jpg,Phylosticta_LS_1000
masked_pls (559).jpg,Phylosticta_LS_1000
masked_pls (616).jpg,Phylosticta_LS_1000
masked_pls (596).jpg,Phylosticta_LS_1000
masked_pls (335).jpg,Phylosticta_LS_1000
masked_pls (129).jpg,Phylosticta_LS_1000
masked_pls (188).jpg,Phylosticta_LS_1000
masked_pls (652).jpg,Phylosticta_LS_1000
masked_pls (398).jpg,Phylosticta_LS_1000
masked_pls (367).jpg,Phylosticta_LS_1000
masked_pls (594).jpg,Phylosticta_LS_1000
masked_pls (108).jpg,Phylosticta_LS_1000
masked_pls (614).jpg,Phylosticta_LS_1000
masked_pls (181).jpg,Phylosticta_LS_1000
masked_pls (354).jpg,Phylosticta_LS_1000
masked_pls (472).jpg,Phylosticta_LS_1000
masked_pls (458).jpg,Phylosticta_LS_1000
masked_pls (213).jpg,Phylosticta_LS_1000
masked_pls (633).jpg,Phylosticta_LS_1000
masked_pls (595).jpg,Phylosticta_LS_1000
masked_pls (243).jpg,Phylosticta_LS_1000
masked_pls (627).jpg,Phylosticta_LS_1000
masked_pls (379).jpg,Phylosticta_LS_1000
masked_pls (132).jpg,Phylosticta_LS_1000
masked_pls (433).jpg,Phylosticta_LS_1000
masked_pls (164).jpg,Phylosticta_LS_1000
masked_pls (486).jpg,Phylosticta_LS_1000
masked_pls (59).jpg,Phylosticta_LS_1000
masked_pls (176).jpg,Phylosticta_LS_1000
masked_pls (85).jpg,Phylosticta_LS_1000
masked_pls (574).jpg,Phylosticta_LS_1000
masked_pls (362).jpg,Phylosticta_LS_1000
masked_pls (98).jpg,Phylosticta_LS_1000
masked_pls (53).jpg,Phylosticta_LS_1000
masked_pls (117).jpg,Phylosticta_LS_1000
masked_pls (157).jpg,Phylosticta_LS_1000
masked_pls (499).jpg,Phylosticta_LS_1000
masked_pls (285).jpg,Phylosticta_LS_1000
masked_pls (301).jpg,Phylosticta_LS_1000
masked_pls (60).jpg,Phylosticta_LS_1000
masked_pls (536).jpg,Phylosticta_LS_1000
masked_pls (480).jpg,Phylosticta_LS_1000
masked_pls (83).jpg,Phylosticta_LS_1000
masked_pls (506).jpg,Phylosticta_LS_1000
masked_pls (169).jpg,Phylosticta_LS_1000
masked_pls (166).jpg,Phylosticta_LS_1000
masked_pls (111).jpg,Phylosticta_LS_1000
masked_pls (439).jpg,Phylosticta_LS_1000
masked_pls (558).jpg,Phylosticta_LS_1000
masked_pls (307).jpg,Phylosticta_LS_1000
masked_pls (620).jpg,Phylosticta_LS_1000
masked_pls (459).jpg,Phylosticta_LS_1000
masked_pls (133).jpg,Phylosticta_LS_1000
masked_pls (300).jpg,Phylosticta_LS_1000
masked_pls (152).jpg,Phylosticta_LS_1000
masked_pls (577).jpg,Phylosticta_LS_1000
masked_pls (48).jpg,Phylosticta_LS_1000
masked_pls (95).jpg,Phylosticta_LS_1000
masked_pls (214).jpg,Phylosticta_LS_1000
masked_pls (402).jpg,Phylosticta_LS_1000
masked_pls (239).jpg,Phylosticta_LS_1000
masked_pls (240).jpg,Phylosticta_LS_1000
masked_pls (252).jpg,Phylosticta_LS_1000
masked_pls (278).jpg,Phylosticta_LS_1000
masked_pls (81).jpg,Phylosticta_LS_1000
masked_pls (431).jpg,Phylosticta_LS_1000
masked_pls (267).jpg,Phylosticta_LS_1000
masked_pls (212).jpg,Phylosticta_LS_1000
masked_pls (497).jpg,Phylosticta_LS_1000
masked_pls (273).jpg,Phylosticta_LS_1000
masked_pls (156).jpg,Phylosticta_LS_1000
masked_pls (537).jpg,Phylosticta_LS_1000
masked_pls (84).jpg,Phylosticta_LS_1000
masked_pls (489).jpg,Phylosticta_LS_1000
masked_pls (328).jpg,Phylosticta_LS_1000
masked_pls (483).jpg,Phylosticta_LS_1000
masked_pls (426).jpg,Phylosticta_LS_1000
masked_pls (325).jpg,Phylosticta_LS_1000
masked_pls (44).jpg,Phylosticta_LS_1000
masked_pls (490).jpg,Phylosticta_LS_1000
masked_pls (573).jpg,Phylosticta_LS_1000
masked_pls (86).jpg,Phylosticta_LS_1000
masked_pls (427).jpg,Phylosticta_LS_1000
masked_pls (394).jpg,Phylosticta_LS_1000
masked_pls (581).jpg,Phylosticta_LS_1000
masked_pls (178).jpg,Phylosticta_LS_1000
masked_pls (381).jpg,Phylosticta_LS_1000
masked_pls (194).jpg,Phylosticta_LS_1000
masked_Healthy (137).jpg,Healthy_1000
masked_Healthy (272).jpg,Healthy_1000
masked_Healthy (514).jpg,Healthy_1000
masked_Healthy (347).jpg,Healthy_1000
masked_Healthy (8).jpg,Healthy_1000
masked_Healthy (691).jpg,Healthy_1000
masked_Healthy (510).jpg,Healthy_1000
masked_Healthy (52).jpg,Healthy_1000
masked_Healthy (630).jpg,Healthy_1000
masked_Healthy (764).jpg,Healthy_1000
masked_Healthy (740).jpg,Healthy_1000
masked_Healthy (297).jpg,Healthy_1000
masked_Healthy (66).jpg,Healthy_1000
masked_Healthy (661).jpg,Healthy_1000
masked_Healthy (712).jpg,Healthy_1000
masked_Healthy (47).jpg,Healthy_1000
masked_Healthy (316).jpg,Healthy_1000
masked_Healthy (567).jpg,Healthy_1000
masked_Healthy (277).jpg,Healthy_1000
masked_Healthy (89).jpg,Healthy_1000
masked_Healthy (541).jpg,Healthy_1000
masked_Healthy (505).jpg,Healthy_1000
masked_Healthy (106).jpg,Healthy_1000
masked_Healthy (415).jpg,Healthy_1000
masked_Healthy (443).jpg,Healthy_1000
masked_Healthy (758).jpg,Healthy_1000
masked_Healthy (521).jpg,Healthy_1000
masked_Healthy (268).jpg,Healthy_1000
masked_Healthy (124).jpg,Healthy_1000
masked_Healthy (656).jpg,Healthy_1000
masked_Healthy (182).jpg,Healthy_1000
masked_Healthy (682).jpg,Healthy_1000
masked_Healthy (593).jpg,Healthy_1000
masked_Healthy (235).jpg,Healthy_1000
masked_Healthy (192).jpg,Healthy_1000
masked_Healthy (540).jpg,Healthy_1000
masked_Healthy (525).jpg,Healthy_1000
masked_Healthy (619).jpg,Healthy_1000
masked_Healthy (236).jpg,Healthy_1000
masked_Healthy (476).jpg,Healthy_1000
masked_Healthy (414).jpg,Healthy_1000
masked_Healthy (372).jpg,Healthy_1000
masked_Healthy (466).jpg,Healthy_1000
masked_Healthy (290).jpg,Healthy_1000
masked_Healthy (388).jpg,Healthy_1000
masked_Healthy (408).jpg,Healthy_1000
masked_Healthy (304).jpg,Healthy_1000
masked_Healthy (707).jpg,Healthy_1000
masked_Healthy (499).jpg,Healthy_1000
masked_Healthy (88).jpg,Healthy_1000
masked_Healthy (195).jpg,Healthy_1000
masked_Healthy (312).jpg,Healthy_1000
masked_Healthy (659).jpg,Healthy_1000
masked_Healthy (666).jpg,Healthy_1000
masked_Healthy (377).jpg,Healthy_1000
masked_Healthy (751).jpg,Healthy_1000
masked_Healthy (333).jpg,Healthy_1000
masked_Healthy (305).jpg,Healthy_1000
masked_Healthy (543).jpg,Healthy_1000
masked_Healthy (494).jpg,Healthy_1000
masked_Healthy (693).jpg,Healthy_1000
masked_Healthy (113).jpg,Healthy_1000
masked_Healthy (676).jpg,Healthy_1000
masked_Healthy (53).jpg,Healthy_1000
masked_Healthy (23).jpg,Healthy_1000
masked_Healthy (622).jpg,Healthy_1000
masked_Healthy (81).jpg,Healthy_1000
masked_Healthy (132).jpg,Healthy_1000
masked_Healthy (551).jpg,Healthy_1000
masked_Healthy (243).jpg,Healthy_1000
masked_Healthy (615).jpg,Healthy_1000
masked_Healthy (202).jpg,Healthy_1000
masked_Healthy (82).jpg,Healthy_1000
masked_Healthy (564).jpg,Healthy_1000
masked_Healthy (70).jpg,Healthy_1000
masked_Healthy (426).jpg,Healthy_1000
masked_Healthy (228).jpg,Healthy_1000
masked_Healthy (128).jpg,Healthy_1000
masked_Healthy (172).jpg,Healthy_1000
masked_Healthy (709).jpg,Healthy_1000
masked_Healthy (370).jpg,Healthy_1000
masked_Healthy (629).jpg,Healthy_1000
masked_Healthy (169).jpg,Healthy_1000
masked_Healthy (754).jpg,Healthy_1000
masked_Healthy (376).jpg,Healthy_1000
masked_Healthy (144).jpg,Healthy_1000
masked_Healthy (772).jpg,Healthy_1000
masked_Healthy (433).jpg,Healthy_1000
masked_Healthy (78).jpg,Healthy_1000
masked_Healthy (176).jpg,Healthy_1000
masked_Healthy (234).jpg,Healthy_1000
masked_Healthy (636).jpg,Healthy_1000
masked_Healthy (83).jpg,Healthy_1000
masked_Healthy (776).jpg,Healthy_1000
masked_Healthy (599).jpg,Healthy_1000
masked_Healthy (447).jpg,Healthy_1000
masked_Healthy (749).jpg,Healthy_1000
masked_Healthy (22).jpg,Healthy_1000
masked_Healthy (733).jpg,Healthy_1000
masked_Healthy (392).jpg,Healthy_1000
masked_Healthy (522).jpg,Healthy_1000
masked_Healthy (167).jpg,Healthy_1000
masked_Healthy (30).jpg,Healthy_1000
masked_Healthy (421).jpg,Healthy_1000
masked_Healthy (756).jpg,Healthy_1000
masked_Healthy (353).jpg,Healthy_1000
masked_Healthy (220).jpg,Healthy_1000
masked_Healthy (152).jpg,Healthy_1000
masked_Healthy (198).jpg,Healthy_1000
masked_Healthy (586).jpg,Healthy_1000
masked_Healthy (17).jpg,Healthy_1000
masked_Healthy (384).jpg,Healthy_1000
masked_Healthy (319).jpg,Healthy_1000
masked_Healthy (330).jpg,Healthy_1000
masked_Healthy (487).jpg,Healthy_1000
masked_Healthy (775).jpg,Healthy_1000
masked_Healthy (360).jpg,Healthy_1000
masked_Healthy (677).jpg,Healthy_1000
masked_Healthy (645).jpg,Healthy_1000
masked_Healthy (671).jpg,Healthy_1000
masked_Healthy (412).jpg,Healthy_1000
masked_Healthy (285).jpg,Healthy_1000
masked_Healthy (299).jpg,Healthy_1000
masked_Healthy (101).jpg,Healthy_1000
masked_Healthy (201).jpg,Healthy_1000
masked_Healthy (439).jpg,Healthy_1000
masked_Healthy (155).jpg,Healthy_1000
masked_Healthy (203).jpg,Healthy_1000
masked_Healthy (618).jpg,Healthy_1000
masked_Healthy (36).jpg,Healthy_1000
masked_Healthy (207).jpg,Healthy_1000
masked_Healthy (515).jpg,Healthy_1000
masked_Healthy (588).jpg,Healthy_1000
masked_Healthy (109).jpg,Healthy_1000
masked_Healthy (720).jpg,Healthy_1000
masked_Healthy (38).jpg,Healthy_1000
masked_Healthy (403).jpg,Healthy_1000
masked_Healthy (557).jpg,Healthy_1000
masked_Healthy (293).jpg,Healthy_1000
masked_Healthy (425).jpg,Healthy_1000
masked_Healthy (157).jpg,Healthy_1000
masked_Healthy (407).jpg,Healthy_1000
masked_Healthy (761).jpg,Healthy_1000
masked_Healthy (752).jpg,Healthy_1000
masked_Healthy (90).jpg,Healthy_1000
masked_Healthy (456).jpg,Healthy_1000
masked_Healthy (395).jpg,Healthy_1000
masked_Healthy (209).jpg,Healthy_1000
masked_Healthy (24).jpg,Healthy_1000
masked_Healthy (64).jpg,Healthy_1000
masked_Healthy (300).jpg,Healthy_1000
masked_Healthy (553).jpg,Healthy_1000
masked_Healthy (238).jpg,Healthy_1000
masked_Healthy (60).jpg,Healthy_1000
masked_Healthy (762).jpg,Healthy_1000
masked_Healthy (205).jpg,Healthy_1000
masked_Healthy (278).jpg,Healthy_1000
masked_Healthy (244).jpg,Healthy_1000
masked_Healthy (119).jpg,Healthy_1000
masked_Healthy (665).jpg,Healthy_1000
masked_Healthy (518).jpg,Healthy_1000
masked_Healthy (5).jpg,Healthy_1000
masked_Healthy (98).jpg,Healthy_1000
masked_Healthy (679).jpg,Healthy_1000
masked_Healthy (315).jpg,Healthy_1000
masked_Healthy (379).jpg,Healthy_1000
masked_Healthy (122).jpg,Healthy_1000
masked_Healthy (191).jpg,Healthy_1000
masked_Healthy (690).jpg,Healthy_1000
masked_Healthy (313).jpg,Healthy_1000
masked_Healthy (469).jpg,Healthy_1000
masked_Healthy (129).jpg,Healthy_1000
masked_Healthy (755).jpg,Healthy_1000
masked_Healthy (770).jpg,Healthy_1000
masked_Healthy (686).jpg,Healthy_1000
masked_Healthy (21).jpg,Healthy_1000
masked_Healthy (363).jpg,Healthy_1000
masked_Healthy (204).jpg,Healthy_1000
masked_Healthy (411).jpg,Healthy_1000
masked_Healthy (134).jpg,Healthy_1000
masked_Healthy (239).jpg,Healthy_1000
masked_Healthy (356).jpg,Healthy_1000
masked_Healthy (39).jpg,Healthy_1000
masked_Healthy (381).jpg,Healthy_1000
masked_Healthy (497).jpg,Healthy_1000
masked_Healthy (556).jpg,Healthy_1000
masked_Healthy (350).jpg,Healthy_1000
masked_Healthy (178).jpg,Healthy_1000
masked_Healthy (533).jpg,Healthy_1000
masked_Healthy (437).jpg,Healthy_1000
masked_Healthy (462).jpg,Healthy_1000
masked_Healthy (594).jpg,Healthy_1000
masked_Healthy (50).jpg,Healthy_1000
masked_Healthy (199).jpg,Healthy_1000
masked_Healthy (362).jpg,Healthy_1000
masked_Healthy (355).jpg,Healthy_1000
masked_Healthy (595).jpg,Healthy_1000
masked_Healthy (450).jpg,Healthy_1000
masked_Healthy (95).jpg,Healthy_1000
masked_Healthy (696).jpg,Healthy_1000
masked_Healthy (102).jpg,Healthy_1000
masked_Healthy (632).jpg,Healthy_1000
masked_Healthy (84).jpg,Healthy_1000
masked_Healthy (120).jpg,Healthy_1000
masked_Healthy (56).jpg,Healthy_1000
masked_Healthy (672).jpg,Healthy_1000
masked_Healthy (323).jpg,Healthy_1000
masked_Healthy (248).jpg,Healthy_1000
masked_Healthy (62).jpg,Healthy_1000
masked_Healthy (107).jpg,Healthy_1000
masked_Healthy (85).jpg,Healthy_1000
masked_Healthy (7).jpg,Healthy_1000
masked_Healthy (532).jpg,Healthy_1000
masked_Healthy (398).jpg,Healthy_1000
masked_Healthy (344).jpg,Healthy_1000
masked_Healthy (608).jpg,Healthy_1000
masked_Healthy (455).jpg,Healthy_1000
masked_Healthy (131).jpg,Healthy_1000
masked_Healthy (687).jpg,Healthy_1000
masked_Healthy (25).jpg,Healthy_1000
masked_Healthy (1).jpg,Healthy_1000
masked_Healthy (213).jpg,Healthy_1000
masked_Healthy (402).jpg,Healthy_1000
masked_Healthy (633).jpg,Healthy_1000
masked_Healthy (358).jpg,Healthy_1000
masked_Healthy (189).jpg,Healthy_1000
masked_Healthy (260).jpg,Healthy_1000
masked_Healthy (307).jpg,Healthy_1000
masked_Healthy (635).jpg,Healthy_1000
masked_Healthy (717).jpg,Healthy_1000
masked_Healthy (708).jpg,Healthy_1000
masked_Healthy (596).jpg,Healthy_1000
masked_Healthy (105).jpg,Healthy_1000
masked_Healthy (571).jpg,Healthy_1000
masked_Healthy (513).jpg,Healthy_1000
masked_Healthy (724).jpg,Healthy_1000
masked_Healthy (432).jpg,Healthy_1000
masked_Healthy (269).jpg,Healthy_1000
masked_Healthy (739).jpg,Healthy_1000
masked_Healthy (118).jpg,Healthy_1000
masked_Healthy (29).jpg,Healthy_1000
masked_Healthy (357).jpg,Healthy_1000
masked_Healthy (262).jpg,Healthy_1000
masked_Healthy (261).jpg,Healthy_1000
masked_Healthy (187).jpg,Healthy_1000
masked_Healthy (369).jpg,Healthy_1000
masked_Healthy (723).jpg,Healthy_1000
masked_Healthy (303).jpg,Healthy_1000
masked_Healthy (711).jpg,Healthy_1000
masked_Healthy (517).jpg,Healthy_1000
masked_Healthy (206).jpg,Healthy_1000
masked_Healthy (601).jpg,Healthy_1000
masked_Healthy (699).jpg,Healthy_1000
masked_Healthy (342).jpg,Healthy_1000
masked_Healthy (263).jpg,Healthy_1000
masked_Healthy (544).jpg,Healthy_1000
masked_Healthy (486).jpg,Healthy_1000
masked_Healthy (581).jpg,Healthy_1000
masked_Healthy (373).jpg,Healthy_1000
masked_Healthy (20).jpg,Healthy_1000
masked_Healthy (274).jpg,Healthy_1000
masked_Healthy (183).jpg,Healthy_1000
masked_Healthy (110).jpg,Healthy_1000
masked_Healthy (352).jpg,Healthy_1000
masked_Healthy (483).jpg,Healthy_1000
masked_Healthy (337).jpg,Healthy_1000
masked_Healthy (184).jpg,Healthy_1000
masked_Healthy (718).jpg,Healthy_1000
masked_Healthy (354).jpg,Healthy_1000
masked_Healthy (327).jpg,Healthy_1000
masked_Healthy (606).jpg,Healthy_1000
masked_Healthy (575).jpg,Healthy_1000
masked_Healthy (141).jpg,Healthy_1000
masked_Healthy (116).jpg,Healthy_1000
masked_Healthy (35).jpg,Healthy_1000
masked_Healthy (123).jpg,Healthy_1000
masked_Healthy (255).jpg,Healthy_1000
masked_Healthy (428).jpg,Healthy_1000
masked_Healthy (37).jpg,Healthy_1000
masked_Healthy (621).jpg,Healthy_1000
masked_Healthy (222).jpg,Healthy_1000
masked_Healthy (552).jpg,Healthy_1000
masked_Healthy (680).jpg,Healthy_1000
masked_Healthy (562).jpg,Healthy_1000
masked_Healthy (367).jpg,Healthy_1000
masked_Healthy (143).jpg,Healthy_1000
masked_Healthy (267).jpg,Healthy_1000
masked_Healthy (94).jpg,Healthy_1000
masked_Healthy (441).jpg,Healthy_1000
masked_Healthy (643).jpg,Healthy_1000
masked_Healthy (146).jpg,Healthy_1000
masked_Healthy (104).jpg,Healthy_1000
masked_Healthy (317).jpg,Healthy_1000
masked_Healthy (579).jpg,Healthy_1000
masked_Healthy (252).jpg,Healthy_1000
masked_Healthy (628).jpg,Healthy_1000
masked_Healthy (294).jpg,Healthy_1000
masked_Healthy (16).jpg,Healthy_1000
masked_Healthy (416).jpg,Healthy_1000
masked_Healthy (380).jpg,Healthy_1000
masked_Healthy (427).jpg,Healthy_1000
masked_Healthy (339).jpg,Healthy_1000
masked_Healthy (429).jpg,Healthy_1000
masked_Healthy (480).jpg,Healthy_1000
masked_Healthy (719).jpg,Healthy_1000
masked_Healthy (34).jpg,Healthy_1000
masked_Healthy (306).jpg,Healthy_1000
masked_Healthy (55).jpg,Healthy_1000
masked_Healthy (492).jpg,Healthy_1000
masked_Healthy (281).jpg,Healthy_1000
masked_Healthy (328).jpg,Healthy_1000
masked_Healthy (592).jpg,Healthy_1000
masked_Healthy (348).jpg,Healthy_1000
masked_Healthy (649).jpg,Healthy_1000
masked_Healthy (41).jpg,Healthy_1000
masked_Healthy (777).jpg,Healthy_1000
masked_Healthy (349).jpg,Healthy_1000
masked_Healthy (527).jpg,Healthy_1000
masked_Healthy (482).jpg,Healthy_1000
masked_Healthy (212).jpg,Healthy_1000
masked_Healthy (454).jpg,Healthy_1000
masked_Healthy (26).jpg,Healthy_1000
masked_Healthy (314).jpg,Healthy_1000
masked_Healthy (334).jpg,Healthy_1000
masked_Healthy (512).jpg,Healthy_1000
masked_Healthy (640).jpg,Healthy_1000
masked_Healthy (759).jpg,Healthy_1000
masked_Healthy (166).jpg,Healthy_1000
masked_Healthy (259).jpg,Healthy_1000
masked_Healthy (582).jpg,Healthy_1000
masked_Healthy (44).jpg,Healthy_1000
masked_Healthy (309).jpg,Healthy_1000
masked_Healthy (32).jpg,Healthy_1000
masked_Healthy (538).jpg,Healthy_1000
masked_Healthy (451).jpg,Healthy_1000
masked_Healthy (163).jpg,Healthy_1000
masked_Healthy (200).jpg,Healthy_1000
masked_Healthy (508).jpg,Healthy_1000
masked_Healthy (463).jpg,Healthy_1000
masked_Healthy (559).jpg,Healthy_1000
masked_Healthy (654).jpg,Healthy_1000
masked_Healthy (706).jpg,Healthy_1000
masked_Healthy (490).jpg,Healthy_1000
masked_Healthy (702).jpg,Healthy_1000
masked_Healthy (217).jpg,Healthy_1000
masked_Healthy (40).jpg,Healthy_1000
masked_Healthy (65).jpg,Healthy_1000
masked_Healthy (771).jpg,Healthy_1000
masked_Healthy (186).jpg,Healthy_1000
masked_Healthy (181).jpg,Healthy_1000
masked_Healthy (763).jpg,Healthy_1000
masked_Healthy (87).jpg,Healthy_1000
masked_Healthy (13).jpg,Healthy_1000
masked_Healthy (210).jpg,Healthy_1000
masked_Healthy (757).jpg,Healthy_1000
masked_Healthy (215).jpg,Healthy_1000
masked_Healthy (108).jpg,Healthy_1000
masked_Healthy (509).jpg,Healthy_1000
masked_Healthy (539).jpg,Healthy_1000
masked_Healthy (418).jpg,Healthy_1000
masked_Healthy (620).jpg,Healthy_1000
masked_Healthy (188).jpg,Healthy_1000
masked_Healthy (500).jpg,Healthy_1000
masked_Healthy (602).jpg,Healthy_1000
masked_Healthy (730).jpg,Healthy_1000
masked_Healthy (322).jpg,Healthy_1000
masked_Healthy (714).jpg,Healthy_1000
masked_Healthy (282).jpg,Healthy_1000
masked_Healthy (197).jpg,Healthy_1000
masked_Healthy (103).jpg,Healthy_1000
masked_Healthy (49).jpg,Healthy_1000
masked_Healthy (258).jpg,Healthy_1000
masked_Healthy (634).jpg,Healthy_1000
masked_Healthy (173).jpg,Healthy_1000
masked_Healthy (624).jpg,Healthy_1000
masked_Healthy (583).jpg,Healthy_1000
masked_Healthy (249).jpg,Healthy_1000
masked_Healthy (473).jpg,Healthy_1000
masked_Healthy (438).jpg,Healthy_1000
masked_Healthy (387).jpg,Healthy_1000
masked_Healthy (502).jpg,Healthy_1000
masked_Healthy (48).jpg,Healthy_1000
masked_Healthy (616).jpg,Healthy_1000
masked_Healthy (590).jpg,Healthy_1000
masked_Healthy (572).jpg,Healthy_1000
masked_Healthy (227).jpg,Healthy_1000
masked_Healthy (57).jpg,Healthy_1000
masked_Healthy (445).jpg,Healthy_1000
masked_Healthy (247).jpg,Healthy_1000
masked_Healthy (528).jpg,Healthy_1000
masked_Healthy (646).jpg,Healthy_1000
masked_Healthy (409).jpg,Healthy_1000
masked_Healthy (393).jpg,Healthy_1000
masked_Healthy (240).jpg,Healthy_1000
masked_Healthy (97).jpg,Healthy_1000
masked_Healthy (378).jpg,Healthy_1000
masked_Healthy (335).jpg,Healthy_1000
masked_Healthy (232).jpg,Healthy_1000
masked_Healthy (413).jpg,Healthy_1000
masked_Healthy (674).jpg,Healthy_1000
masked_Healthy (678).jpg,Healthy_1000
masked_Healthy (99).jpg,Healthy_1000
masked_Healthy (550).jpg,Healthy_1000
masked_Healthy (448).jpg,Healthy_1000
masked_Healthy (641).jpg,Healthy_1000
masked_Healthy (321).jpg,Healthy_1000
masked_Healthy (472).jpg,Healthy_1000
masked_Healthy (229).jpg,Healthy_1000
masked_Healthy (604).jpg,Healthy_1000
masked_Healthy (264).jpg,Healthy_1000
masked_Healthy (68).jpg,Healthy_1000
masked_Healthy (573).jpg,Healthy_1000
masked_Healthy (506).jpg,Healthy_1000
masked_Healthy (617).jpg,Healthy_1000
masked_Healthy (351).jpg,Healthy_1000
masked_Healthy (453).jpg,Healthy_1000
masked_Healthy (58).jpg,Healthy_1000
masked_Healthy (569).jpg,Healthy_1000
masked_Healthy (731).jpg,Healthy_1000
masked_Healthy (457).jpg,Healthy_1000
masked_Healthy (578).jpg,Healthy_1000
masked_Healthy (683).jpg,Healthy_1000
masked_Healthy (660).jpg,Healthy_1000
masked_Healthy (225).jpg,Healthy_1000
masked_Healthy (194).jpg,Healthy_1000
masked_Healthy (535).jpg,Healthy_1000
masked_Healthy (14).jpg,Healthy_1000
masked_Healthy (698).jpg,Healthy_1000
masked_Healthy (77).jpg,Healthy_1000
masked_Healthy (318).jpg,Healthy_1000
masked_Healthy (298).jpg,Healthy_1000
masked_Healthy (769).jpg,Healthy_1000
masked_Healthy (72).jpg,Healthy_1000
masked_Healthy (136).jpg,Healthy_1000
masked_Healthy (3).jpg,Healthy_1000
masked_Healthy (675).jpg,Healthy_1000
masked_Healthy (394).jpg,Healthy_1000
masked_Healthy (265).jpg,Healthy_1000
masked_Healthy (742).jpg,Healthy_1000
masked_Healthy (366).jpg,Healthy_1000
masked_Healthy (534).jpg,Healthy_1000
masked_Healthy (563).jpg,Healthy_1000
masked_Healthy (226).jpg,Healthy_1000
masked_Healthy (329).jpg,Healthy_1000
masked_Healthy (254).jpg,Healthy_1000
masked_Healthy (117).jpg,Healthy_1000
masked_Healthy (338).jpg,Healthy_1000
masked_Healthy (156).jpg,Healthy_1000
masked_Healthy (93).jpg,Healthy_1000
masked_Healthy (566).jpg,Healthy_1000
masked_Healthy (216).jpg,Healthy_1000
masked_Healthy (18).jpg,Healthy_1000
masked_Healthy (642).jpg,Healthy_1000
masked_Healthy (558).jpg,Healthy_1000
masked_Healthy (324).jpg,Healthy_1000
masked_Healthy (130).jpg,Healthy_1000
masked_Healthy (576).jpg,Healthy_1000
masked_Healthy (218).jpg,Healthy_1000
masked_Healthy (729).jpg,Healthy_1000
masked_Healthy (310).jpg,Healthy_1000
masked_Healthy (230).jpg,Healthy_1000
masked_Healthy (154).jpg,Healthy_1000
masked_Healthy (546).jpg,Healthy_1000
masked_Healthy (345).jpg,Healthy_1000
masked_Healthy (10).jpg,Healthy_1000
masked_Healthy (780).jpg,Healthy_1000
masked_Healthy (4).jpg,Healthy_1000
masked_Healthy (250).jpg,Healthy_1000
masked_Healthy (142).jpg,Healthy_1000
masked_Healthy (271).jpg,Healthy_1000
masked_Healthy (560).jpg,Healthy_1000
masked_Healthy (111).jpg,Healthy_1000
masked_Healthy (43).jpg,Healthy_1000
masked_Healthy (168).jpg,Healthy_1000
masked_Healthy (561).jpg,Healthy_1000
masked_Healthy (568).jpg,Healthy_1000
masked_Healthy (286).jpg,Healthy_1000
masked_Healthy (92).jpg,Healthy_1000
masked_Healthy (477).jpg,Healthy_1000
masked_Healthy (397).jpg,Healthy_1000
masked_Healthy (33).jpg,Healthy_1000
masked_Healthy (346).jpg,Healthy_1000
masked_Healthy (180).jpg,Healthy_1000
masked_Healthy (589).jpg,Healthy_1000
masked_Healthy (485).jpg,Healthy_1000
masked_Healthy (401).jpg,Healthy_1000
masked_Healthy (375).jpg,Healthy_1000
masked_Healthy (368).jpg,Healthy_1000
masked_Healthy (529).jpg,Healthy_1000
masked_Healthy (410).jpg,Healthy_1000
masked_Healthy (308).jpg,Healthy_1000
masked_Healthy (311).jpg,Healthy_1000
masked_Healthy (607).jpg,Healthy_1000
masked_Healthy (536).jpg,Healthy_1000
masked_Healthy (507).jpg,Healthy_1000
masked_Healthy (745).jpg,Healthy_1000
masked_Healthy (221).jpg,Healthy_1000
masked_Healthy (511).jpg,Healthy_1000
masked_Healthy (673).jpg,Healthy_1000
masked_Healthy (667).jpg,Healthy_1000
masked_Healthy (177).jpg,Healthy_1000
masked_Healthy (444).jpg,Healthy_1000
masked_Healthy (273).jpg,Healthy_1000
masked_Healthy (446).jpg,Healthy_1000
masked_Healthy (716).jpg,Healthy_1000
masked_Healthy (526).jpg,Healthy_1000
masked_Healthy (231).jpg,Healthy_1000
masked_Healthy (431).jpg,Healthy_1000
masked_Healthy (600).jpg,Healthy_1000
masked_Healthy (151).jpg,Healthy_1000
masked_Healthy (577).jpg,Healthy_1000
masked_Healthy (442).jpg,Healthy_1000
masked_Healthy (391).jpg,Healthy_1000
masked_Healthy (59).jpg,Healthy_1000
masked_Healthy (779).jpg,Healthy_1000
masked_Healthy (223).jpg,Healthy_1000
masked_Healthy (283).jpg,Healthy_1000
masked_Healthy (689).jpg,Healthy_1000
masked_Healthy (570).jpg,Healthy_1000
masked_Healthy (611).jpg,Healthy_1000
masked_Healthy (214).jpg,Healthy_1000
masked_Healthy (478).jpg,Healthy_1000
masked_Healthy (458).jpg,Healthy_1000
masked_Healthy (748).jpg,Healthy_1000
masked_Healthy (292).jpg,Healthy_1000
masked_Healthy (574).jpg,Healthy_1000
masked_Healthy (459).jpg,Healthy_1000
masked_Healthy (253).jpg,Healthy_1000
masked_Healthy (440).jpg,Healthy_1000
masked_Healthy (211).jpg,Healthy_1000
masked_Healthy (161).jpg,Healthy_1000
masked_Healthy (614).jpg,Healthy_1000
masked_Healthy (503).jpg,Healthy_1000
masked_Healthy (644).jpg,Healthy_1000
masked_Healthy (744).jpg,Healthy_1000
masked_Healthy (732).jpg,Healthy_1000
masked_Healthy (488).jpg,Healthy_1000
masked_Healthy (404).jpg,Healthy_1000
masked_Healthy (400).jpg,Healthy_1000
masked_Healthy (241).jpg,Healthy_1000
masked_Healthy (164).jpg,Healthy_1000
masked_Healthy (374).jpg,Healthy_1000
masked_Healthy (449).jpg,Healthy_1000
masked_Healthy (542).jpg,Healthy_1000
masked_Healthy (422).jpg,Healthy_1000
masked_Healthy (28).jpg,Healthy_1000
masked_Healthy (175).jpg,Healthy_1000
masked_Healthy (465).jpg,Healthy_1000
masked_Healthy (174).jpg,Healthy_1000
masked_Healthy (289).jpg,Healthy_1000
masked_Healthy (179).jpg,Healthy_1000
masked_Healthy (781).jpg,Healthy_1000
masked_Healthy (133).jpg,Healthy_1000
masked_Healthy (612).jpg,Healthy_1000
masked_Healthy (19).jpg,Healthy_1000
masked_Healthy (765).jpg,Healthy_1000
masked_Healthy (417).jpg,Healthy_1000
masked_Healthy (750).jpg,Healthy_1000
masked_Healthy (668).jpg,Healthy_1000
masked_Healthy (233).jpg,Healthy_1000
masked_Healthy (470).jpg,Healthy_1000
masked_Healthy (371).jpg,Healthy_1000
masked_Healthy (547).jpg,Healthy_1000
masked_Healthy (728).jpg,Healthy_1000
masked_Healthy (766).jpg,Healthy_1000
masked_Healthy (697).jpg,Healthy_1000
masked_Healthy (648).jpg,Healthy_1000
masked_Healthy (185).jpg,Healthy_1000
masked_Healthy (489).jpg,Healthy_1000
masked_Healthy (734).jpg,Healthy_1000
masked_Healthy (275).jpg,Healthy_1000
masked_Healthy (705).jpg,Healthy_1000
masked_Healthy (464).jpg,Healthy_1000
masked_Healthy (726).jpg,Healthy_1000
masked_Healthy (537).jpg,Healthy_1000
masked_Healthy (479).jpg,Healthy_1000
masked_Healthy (713).jpg,Healthy_1000
masked_Healthy (112).jpg,Healthy_1000
masked_Healthy (385).jpg,Healthy_1000
masked_Healthy (530).jpg,Healthy_1000
masked_Healthy (627).jpg,Healthy_1000
masked_Healthy (468).jpg,Healthy_1000
masked_Healthy (51).jpg,Healthy_1000
masked_Healthy (301).jpg,Healthy_1000
masked_Healthy (548).jpg,Healthy_1000
masked_Healthy (91).jpg,Healthy_1000
masked_Healthy (79).jpg,Healthy_1000
masked_Healthy (190).jpg,Healthy_1000
masked_Healthy (54).jpg,Healthy_1000
masked_Healthy (69).jpg,Healthy_1000
masked_Healthy (760).jpg,Healthy_1000
masked_Healthy (359).jpg,Healthy_1000
masked_Healthy (737).jpg,Healthy_1000
masked_Healthy (287).jpg,Healthy_1000
masked_Healthy (735).jpg,Healthy_1000
masked_Healthy (158).jpg,Healthy_1000
masked_Healthy (325).jpg,Healthy_1000
masked_Healthy (147).jpg,Healthy_1000
masked_Healthy (474).jpg,Healthy_1000
masked_Healthy (12).jpg,Healthy_1000
masked_Healthy (63).jpg,Healthy_1000
masked_Healthy (125).jpg,Healthy_1000
masked_Healthy (638).jpg,Healthy_1000
masked_Healthy (554).jpg,Healthy_1000
masked_Healthy (399).jpg,Healthy_1000
masked_Healthy (651).jpg,Healthy_1000
masked_Healthy (320).jpg,Healthy_1000
masked_Healthy (96).jpg,Healthy_1000
masked_Healthy (650).jpg,Healthy_1000
masked_Healthy (722).jpg,Healthy_1000
masked_Healthy (270).jpg,Healthy_1000
masked_Healthy (481).jpg,Healthy_1000
masked_Healthy (15).jpg,Healthy_1000
masked_Healthy (692).jpg,Healthy_1000
masked_Healthy (434).jpg,Healthy_1000
masked_Healthy (100).jpg,Healthy_1000
masked_Healthy (74).jpg,Healthy_1000
masked_Healthy (767).jpg,Healthy_1000
masked_Healthy (127).jpg,Healthy_1000
masked_Healthy (193).jpg,Healthy_1000
masked_Healthy (75).jpg,Healthy_1000
masked_Healthy (365).jpg,Healthy_1000
masked_Healthy (295).jpg,Healthy_1000
masked_Healthy (170).jpg,Healthy_1000
blight (22).jpg,Blight1000
blight (103).jpg,Blight1000
blight (140).jpg,Blight1000
blight (189).jpg,Blight1000
blight (63).jpg,Blight1000
blight (217).jpg,Blight1000
blight (247).jpg,Blight1000
blight (121).jpg,Blight1000
blight (10).jpg,Blight1000
blight (14).jpg,Blight1000
blight (78).jpg,Blight1000
blight (105).jpg,Blight1000
blight (70).jpg,Blight1000
blight (196).jpg,Blight1000
blight (207).jpg,Blight1000
blight (130).jpg,Blight1000
blight (296).jpg,Blight1000
blight (204).jpg,Blight1000
blight (128).jpg,Blight1000
blight (231).jpg,Blight1000
blight (138).jpg,Blight1000
blight (69).jpg,Blight1000
blight (187).jpg,Blight1000
blight (81).jpg,Blight1000
blight (176).jpg,Blight1000
blight (7).jpg,Blight1000
blight (260).jpg,Blight1000
blight (125).jpg,Blight1000
blight (150).jpg,Blight1000
blight (222).jpg,Blight1000
blight (3).jpg,Blight1000
blight (244).jpg,Blight1000
blight (297).jpg,Blight1000
blight (58).jpg,Blight1000
blight (229).jpg,Blight1000
blight (223).jpg,Blight1000
blight (180).jpg,Blight1000
blight (173).jpg,Blight1000
blight (198).jpg,Blight1000
blight (47).jpg,Blight1000
blight (271).jpg,Blight1000
blight (155).jpg,Blight1000
blight (169).jpg,Blight1000
blight (259).jpg,Blight1000
blight (77).jpg,Blight1000
blight (91).jpg,Blight1000
blight (216).jpg,Blight1000
blight (80).jpg,Blight1000
blight (52).jpg,Blight1000
blight (94).jpg,Blight1000
blight (219).jpg,Blight1000
blight (270).jpg,Blight1000
blight (116).jpg,Blight1000
blight (215).jpg,Blight1000
blight (113).jpg,Blight1000
blight (12).jpg,Blight1000
blight (145).jpg,Blight1000
blight (87).jpg,Blight1000
blight (85).jpg,Blight1000
blight (43).jpg,Blight1000
blight (209).jpg,Blight1000
blight (170).jpg,Blight1000
blight (157).jpg,Blight1000
blight (202).jpg,Blight1000
blight (218).jpg,Blight1000
blight (29).jpg,Blight1000
blight (228).jpg,Blight1000
blight (197).jpg,Blight1000
blight (236).jpg,Blight1000
blight (27).jpg,Blight1000
blight (112).jpg,Blight1000
blight (250).jpg,Blight1000
blight (11).jpg,Blight1000
blight (300).jpg,Blight1000
blight (208).jpg,Blight1000
blight (6).jpg,Blight1000
blight (154).jpg,Blight1000
blight (117).jpg,Blight1000
blight (31).jpg,Blight1000
blight (30).jpg,Blight1000
blight (15).jpg,Blight1000
blight (213).jpg,Blight1000
blight (134).jpg,Blight1000
blight (214).jpg,Blight1000
blight (238).jpg,Blight1000
blight (245).jpg,Blight1000
blight (74).jpg,Blight1000
blight (179).jpg,Blight1000
blight (234).jpg,Blight1000
blight (35).jpg,Blight1000
blight (136).jpg,Blight1000
blight (164).jpg,Blight1000
blight (45).jpg,Blight1000
blight (262).jpg,Blight1000
blight (156).jpg,Blight1000
blight (25).jpg,Blight1000
blight (188).jpg,Blight1000
blight (195).jpg,Blight1000
blight (67).jpg,Blight1000
blight (68).jpg,Blight1000
blight (211).jpg,Blight1000
blight (49).jpg,Blight1000
blight (182).jpg,Blight1000
blight (203).jpg,Blight1000
blight (54).jpg,Blight1000
blight (166).jpg,Blight1000
blight (241).jpg,Blight1000
blight (172).jpg,Blight1000
blight (101).jpg,Blight1000
blight (120).jpg,Blight1000
blight (186).jpg,Blight1000
blight (110).jpg,Blight1000
blight (177).jpg,Blight1000
blight (122).jpg,Blight1000
blight (143).jpg,Blight1000
blight (235).jpg,Blight1000
blight (292).jpg,Blight1000
blight (194).jpg,Blight1000
blight (48).jpg,Blight1000
blight (141).jpg,Blight1000
blight (56).jpg,Blight1000
blight (118).jpg,Blight1000
blight (8).jpg,Blight1000
blight (5).jpg,Blight1000
blight (132).jpg,Blight1000
blight (264).jpg,Blight1000
blight (124).jpg,Blight1000
blight (253).jpg,Blight1000
blight (115).jpg,Blight1000
blight (224).jpg,Blight1000
blight (277).jpg,Blight1000
blight (114).jpg,Blight1000
blight (291).jpg,Blight1000
blight (205).jpg,Blight1000
blight (233).jpg,Blight1000
blight (165).jpg,Blight1000
blight (192).jpg,Blight1000
blight (20).jpg,Blight1000
blight (288).jpg,Blight1000
blight (226).jpg,Blight1000
blight (232).jpg,Blight1000
blight (185).jpg,Blight1000
blight (89).jpg,Blight1000
blight (39).jpg,Blight1000
blight (135).jpg,Blight1000
blight (2).jpg,Blight1000
blight (97).jpg,Blight1000
blight (257).jpg,Blight1000
blight (64).jpg,Blight1000
blight (284).jpg,Blight1000
blight (163).jpg,Blight1000
blight (258).jpg,Blight1000
blight (249).jpg,Blight1000
blight (263).jpg,Blight1000
blight (53).jpg,Blight1000
blight (158).jpg,Blight1000
blight (79).jpg,Blight1000
blight (269).jpg,Blight1000
blight (160).jpg,Blight1000
blight (108).jpg,Blight1000
blight (290).jpg,Blight1000
blight (239).jpg,Blight1000
blight (251).jpg,Blight1000
blight (246).jpg,Blight1000
blight (41).jpg,Blight1000
blight (237).jpg,Blight1000
blight (273).jpg,Blight1000
blight (294).jpg,Blight1000
blight (272).jpg,Blight1000
blight (146).jpg,Blight1000
blight (73).jpg,Blight1000
blight (200).jpg,Blight1000
blight (32).jpg,Blight1000
blight (142).jpg,Blight1000
blight (144).jpg,Blight1000
blight (167).jpg,Blight1000
blight (100).jpg,Blight1000
blight (102).jpg,Blight1000
blight (210).jpg,Blight1000
blight (162).jpg,Blight1000
blight (206).jpg,Blight1000
blight (190).jpg,Blight1000
blight (72).jpg,Blight1000
blight (42).jpg,Blight1000
blight (201).jpg,Blight1000
blight (59).jpg,Blight1000
blight (171).jpg,Blight1000
blight (93).jpg,Blight1000
blight (1).jpg,Blight1000
blight (282).jpg,Blight1000
blight (9).jpg,Blight1000
blight (18).jpg,Blight1000
blight (181).jpg,Blight1000
blight (86).jpg,Blight1000
blight (111).jpg,Blight1000
blight (183).jpg,Blight1000
blight (137).jpg,Blight1000
blight (139).jpg,Blight1000
blight (76).jpg,Blight1000
blight (16).jpg,Blight1000
blight (51).jpg,Blight1000
blight (36).jpg,Blight1000
blight (55).jpg,Blight1000
blight (168).jpg,Blight1000
blight (159).jpg,Blight1000
blight (286).jpg,Blight1000
blight (46).jpg,Blight1000
blight (174).jpg,Blight1000
blight (161).jpg,Blight1000
blight (38).jpg,Blight1000
blight (274).jpg,Blight1000
blight (152).jpg,Blight1000
blight (90).jpg,Blight1000
blight (133).jpg,Blight1000
blight (127).jpg,Blight1000
blight (256).jpg,Blight1000
blight (289).jpg,Blight1000
blight (82).jpg,Blight1000
blight (33).jpg,Blight1000
blight (299).jpg,Blight1000
blight (71).jpg,Blight1000
blight (221).jpg,Blight1000
blight (60).jpg,Blight1000
blight (96).jpg,Blight1000
blight (98).jpg,Blight1000
blight (280).jpg,Blight1000
blight (255).jpg,Blight1000
blight (184).jpg,Blight1000
blight (57).jpg,Blight1000
blight (44).jpg,Blight1000
blight (50).jpg,Blight1000
blight (21).jpg,Blight1000
blight (275).jpg,Blight1000
blight (62).jpg,Blight1000
blight (254).jpg,Blight1000
blight (298).jpg,Blight1000
blight (293).jpg,Blight1000
blight (126).jpg,Blight1000
blight (84).jpg,Blight1000
blight (279).jpg,Blight1000
masked_Healthy (257).jpg,Healthy_1000
masked_Healthy (747).jpg,Healthy_1000
masked_Healthy (159).jpg,Healthy_1000
masked_Healthy (669).jpg,Healthy_1000
masked_Healthy (361).jpg,Healthy_1000
masked_Healthy (584).jpg,Healthy_1000
masked_Healthy (605).jpg,Healthy_1000
masked_Healthy (406).jpg,Healthy_1000
masked_Healthy (46).jpg,Healthy_1000
masked_Healthy (685).jpg,Healthy_1000
masked_Healthy (639).jpg,Healthy_1000
masked_Healthy (452).jpg,Healthy_1000
masked_Healthy (774).jpg,Healthy_1000
masked_Healthy (149).jpg,Healthy_1000
masked_Healthy (160).jpg,Healthy_1000
masked_Healthy (343).jpg,Healthy_1000
masked_Healthy (725).jpg,Healthy_1000
masked_Healthy (768).jpg,Healthy_1000
masked_Healthy (647).jpg,Healthy_1000
masked_Healthy (42).jpg,Healthy_1000
masked_Healthy (430).jpg,Healthy_1000
masked_Healthy (710).jpg,Healthy_1000
masked_Healthy (655).jpg,Healthy_1000
masked_Healthy (165).jpg,Healthy_1000
masked_Healthy (623).jpg,Healthy_1000
masked_Healthy (670).jpg,Healthy_1000
masked_Healthy (80).jpg,Healthy_1000
masked_Healthy (31).jpg,Healthy_1000
masked_Healthy (700).jpg,Healthy_1000
masked_Healthy (208).jpg,Healthy_1000
masked_Healthy (626).jpg,Healthy_1000
masked_Healthy (520).jpg,Healthy_1000
masked_Healthy (435).jpg,Healthy_1000
masked_Healthy (251).jpg,Healthy_1000
masked_Healthy (746).jpg,Healthy_1000
masked_Healthy (662).jpg,Healthy_1000
masked_Healthy (736).jpg,Healthy_1000
masked_Healthy (743).jpg,Healthy_1000
masked_Healthy (386).jpg,Healthy_1000
masked_Healthy (778).jpg,Healthy_1000
masked_Healthy (326).jpg,Healthy_1000
masked_Healthy (695).jpg,Healthy_1000
masked_Healthy (467).jpg,Healthy_1000
masked_Healthy (436).jpg,Healthy_1000
masked_Healthy (9).jpg,Healthy_1000
masked_Healthy (383).jpg,Healthy_1000
masked_Healthy (288).jpg,Healthy_1000
masked_Healthy (610).jpg,Healthy_1000
masked_Healthy (688).jpg,Healthy_1000
masked_Healthy (140).jpg,Healthy_1000
masked_Healthy (498).jpg,Healthy_1000
masked_Healthy (491).jpg,Healthy_1000
masked_Healthy (196).jpg,Healthy_1000
masked_Healthy (721).jpg,Healthy_1000
masked_Healthy (114).jpg,Healthy_1000
masked_Healthy (657).jpg,Healthy_1000
masked_Healthy (67).jpg,Healthy_1000
masked_Healthy (284).jpg,Healthy_1000
masked_Healthy (631).jpg,Healthy_1000
masked_Healthy (115).jpg,Healthy_1000
masked_Healthy (389).jpg,Healthy_1000
masked_Healthy (516).jpg,Healthy_1000
masked_Healthy (2).jpg,Healthy_1000
masked_Healthy (405).jpg,Healthy_1000
masked_Healthy (471).jpg,Healthy_1000
masked_Healthy (715).jpg,Healthy_1000
masked_Healthy (565).jpg,Healthy_1000
masked_Healthy (280).jpg,Healthy_1000
masked_Healthy (753).jpg,Healthy_1000
masked_Healthy (625).jpg,Healthy_1000
masked_Healthy (424).jpg,Healthy_1000
masked_Healthy (11).jpg,Healthy_1000
masked_Healthy (603).jpg,Healthy_1000
masked_Healthy (741).jpg,Healthy_1000
masked_Healthy (704).jpg,Healthy_1000
masked_Healthy (591).jpg,Healthy_1000
masked_Healthy (523).jpg,Healthy_1000
masked_Healthy (475).jpg,Healthy_1000
masked_Healthy (139).jpg,Healthy_1000
masked_pls (2).jpg,Phylosticta_LS_1000
masked_pls (80).jpg,Phylosticta_LS_1000
masked_pls (424).jpg,Phylosticta_LS_1000
masked_pls (99).jpg,Phylosticta_LS_1000
masked_pls (280).jpg,Phylosticta_LS_1000
masked_pls (389).jpg,Phylosticta_LS_1000
masked_pls (382).jpg,Phylosticta_LS_1000
masked_pls (11).jpg,Phylosticta_LS_1000
masked_pls (430).jpg,Phylosticta_LS_1000
masked_pls (69).jpg,Phylosticta_LS_1000
masked_pls (639).jpg,Phylosticta_LS_1000
masked_pls (115).jpg,Phylosticta_LS_1000
masked_pls (516).jpg,Phylosticta_LS_1000
masked_pls (140).jpg,Phylosticta_LS_1000
masked_pls (288).jpg,Phylosticta_LS_1000
masked_pls (467).jpg,Phylosticta_LS_1000
masked_pls (149).jpg,Phylosticta_LS_1000
masked_pls (625).jpg,Phylosticta_LS_1000
masked_pls (114).jpg,Phylosticta_LS_1000
masked_pls (435).jpg,Phylosticta_LS_1000
masked_pls (647).jpg,Phylosticta_LS_1000
masked_pls (42).jpg,Phylosticta_LS_1000
masked_pls (361).jpg,Phylosticta_LS_1000
masked_pls (71).jpg,Phylosticta_LS_1000
masked_pls (165).jpg,Phylosticta_LS_1000
masked_pls (208).jpg,Phylosticta_LS_1000
masked_pls (196).jpg,Phylosticta_LS_1000
masked_pls (471).jpg,Phylosticta_LS_1000
masked_pls (46).jpg,Phylosticta_LS_1000
masked_pls (638).jpg,Phylosticta_LS_1000
masked_pls (565).jpg,Phylosticta_LS_1000
masked_pls (610).jpg,Phylosticta_LS_1000
masked_pls (603).jpg,Phylosticta_LS_1000
masked_pls (657).jpg,Phylosticta_LS_1000
masked_pls (591).jpg,Phylosticta_LS_1000
masked_pls (523).jpg,Phylosticta_LS_1000
masked_pls (605).jpg,Phylosticta_LS_1000
masked_pls (343).jpg,Phylosticta_LS_1000
masked_pls (475).jpg,Phylosticta_LS_1000
masked_pls (436).jpg,Phylosticta_LS_1000
masked_pls (284).jpg,Phylosticta_LS_1000
masked_pls (88).jpg,Phylosticta_LS_1000
masked_pls (520).jpg,Phylosticta_LS_1000
masked_pls (405).jpg,Phylosticta_LS_1000
masked_pls (452).jpg,Phylosticta_LS_1000
masked_pls (31).jpg,Phylosticta_LS_1000
masked_pls (296).jpg,Phylosticta_LS_1000
masked_pls (386).jpg,Phylosticta_LS_1000
masked_pls (587).jpg,Phylosticta_LS_1000
masked_pls (584).jpg,Phylosticta_LS_1000
masked_pls (631).jpg,Phylosticta_LS_1000
masked_pls (406).jpg,Phylosticta_LS_1000
masked_pls (491).jpg,Phylosticta_LS_1000
masked_pls (655).jpg,Phylosticta_LS_1000
masked_pls (160).jpg,Phylosticta_LS_1000
masked_pls (257).jpg,Phylosticta_LS_1000
masked_pls (251).jpg,Phylosticta_LS_1000
masked_pls (654).jpg,Phylosticta_LS_1000
masked_pls (266).jpg,Phylosticta_LS_1000
masked_pls (585).jpg,Phylosticta_LS_1000
masked_pls (326).jpg,Phylosticta_LS_1000
masked_pls (498).jpg,Phylosticta_LS_1000
masked_pls (383).jpg,Phylosticta_LS_1000
masked_pls (159).jpg,Phylosticta_LS_1000
masked_pls (626).jpg,Phylosticta_LS_1000
masked_pls (623).jpg,Phylosticta_LS_1000
masked_pls (139).jpg,Phylosticta_LS_1000
blight (261).jpg,Blight1000
blight (268).jpg,Blight1000
blight (220).jpg,Blight1000
blight (212).jpg,Blight1000
blight (107).jpg,Blight1000
blight (240).jpg,Blight1000
blight (265).jpg,Blight1000
blight (295).jpg,Blight1000
blight (267).jpg,Blight1000
blight (129).jpg,Blight1000
blight (193).jpg,Blight1000
blight (153).jpg,Blight1000
blight (149).jpg,Blight1000
blight (75).jpg,Blight1000
blight (61).jpg,Blight1000
blight (242).jpg,Blight1000
blight (92).jpg,Blight1000
blight (175).jpg,Blight1000
blight (40).jpg,Blight1000
blight (283).jpg,Blight1000
blight (4).jpg,Blight1000
blight (243).jpg,Blight1000
blight (191).jpg,Blight1000
blight (83).jpg,Blight1000
blight (26).jpg,Blight1000
blight (178).jpg,Blight1000
blight (252).jpg,Blight1000
blight (285).jpg,Blight1000
blight (276).jpg,Blight1000
blight (28).jpg,Blight1000
masked_Healthy (585).jpg,Healthy_1000
masked_Healthy (549).jpg,Healthy_1000
masked_Healthy (419).jpg,Healthy_1000
masked_Healthy (460).jpg,Healthy_1000
masked_Healthy (145).jpg,Healthy_1000
masked_Healthy (484).jpg,Healthy_1000
masked_Healthy (580).jpg,Healthy_1000
masked_Healthy (126).jpg,Healthy_1000
masked_Healthy (336).jpg,Healthy_1000
masked_Healthy (555).jpg,Healthy_1000
masked_Healthy (86).jpg,Healthy_1000
masked_Healthy (138).jpg,Healthy_1000
masked_Healthy (663).jpg,Healthy_1000
masked_Healthy (653).jpg,Healthy_1000
masked_Healthy (61).jpg,Healthy_1000
masked_Healthy (461).jpg,Healthy_1000
masked_Healthy (664).jpg,Healthy_1000
masked_Healthy (420).jpg,Healthy_1000
masked_Healthy (658).jpg,Healthy_1000
masked_Healthy (224).jpg,Healthy_1000
masked_Healthy (340).jpg,Healthy_1000
masked_Healthy (519).jpg,Healthy_1000
masked_Healthy (135).jpg,Healthy_1000
masked_Healthy (242).jpg,Healthy_1000
masked_Healthy (276).jpg,Healthy_1000
masked_Healthy (27).jpg,Healthy_1000
masked_Healthy (302).jpg,Healthy_1000
masked_Healthy (331).jpg,Healthy_1000
masked_Healthy (531).jpg,Healthy_1000
masked_Healthy (148).jpg,Healthy_1000
masked_Healthy (694).jpg,Healthy_1000
masked_Healthy (701).jpg,Healthy_1000
masked_Healthy (652).jpg,Healthy_1000
masked_Healthy (597).jpg,Healthy_1000
masked_Healthy (495).jpg,Healthy_1000
masked_Healthy (396).jpg,Healthy_1000
masked_Healthy (162).jpg,Healthy_1000
masked_Healthy (681).jpg,Healthy_1000
masked_Healthy (71).jpg,Healthy_1000
masked_Healthy (332).jpg,Healthy_1000
masked_Healthy (296).jpg,Healthy_1000
masked_Healthy (504).jpg,Healthy_1000
masked_Healthy (727).jpg,Healthy_1000
masked_Healthy (773).jpg,Healthy_1000
masked_Healthy (256).jpg,Healthy_1000
masked_Healthy (76).jpg,Healthy_1000
masked_Healthy (219).jpg,Healthy_1000
masked_Healthy (266).jpg,Healthy_1000
masked_Healthy (637).jpg,Healthy_1000
masked_Healthy (364).jpg,Healthy_1000
masked_Healthy (341).jpg,Healthy_1000
masked_Healthy (237).jpg,Healthy_1000
masked_Healthy (45).jpg,Healthy_1000
masked_Healthy (613).jpg,Healthy_1000
masked_Healthy (390).jpg,Healthy_1000
masked_Healthy (496).jpg,Healthy_1000
masked_Healthy (501).jpg,Healthy_1000
masked_Healthy (382).jpg,Healthy_1000
masked_Healthy (738).jpg,Healthy_1000
masked_Healthy (73).jpg,Healthy_1000
masked_Healthy (587).jpg,Healthy_1000
masked_Healthy (6).jpg,Healthy_1000
masked_Healthy (598).jpg,Healthy_1000
masked_Healthy (609).jpg,Healthy_1000
masked_Healthy (545).jpg,Healthy_1000
masked_Healthy (703).jpg,Healthy_1000
masked_Healthy (150).jpg,Healthy_1000
masked_Healthy (524).jpg,Healthy_1000
masked_Healthy (423).jpg,Healthy_1000
masked_Healthy (171).jpg,Healthy_1000
masked_Healthy (245).jpg,Healthy_1000
masked_Healthy (291).jpg,Healthy_1000
masked_Healthy (246).jpg,Healthy_1000
masked_Healthy (153).jpg,Healthy_1000
masked_Healthy (279).jpg,Healthy_1000
masked_Healthy (493).jpg,Healthy_1000
masked_Healthy (684).jpg,Healthy_1000
masked_Healthy (121).jpg,Healthy_1000
masked_pls (279).jpg,Phylosticta_LS_1000
masked_pls (396).jpg,Phylosticta_LS_1000
masked_pls (545).jpg,Phylosticta_LS_1000
masked_pls (148).jpg,Phylosticta_LS_1000
masked_pls (171).jpg,Phylosticta_LS_1000
masked_pls (276).jpg,Phylosticta_LS_1000
masked_pls (245).jpg,Phylosticta_LS_1000
masked_pls (598).jpg,Phylosticta_LS_1000
masked_pls (524).jpg,Phylosticta_LS_1000
masked_pls (640).jpg,Phylosticta_LS_1000
masked_pls (246).jpg,Phylosticta_LS_1000
masked_pls (496).jpg,Phylosticta_LS_1000
masked_pls (613).jpg,Phylosticta_LS_1000
masked_pls (242).jpg,Phylosticta_LS_1000
masked_pls (135).jpg,Phylosticta_LS_1000
masked_pls (331).jpg,Phylosticta_LS_1000
masked_pls (380).jpg,Phylosticta_LS_1000
masked_pls (43).jpg,Phylosticta_LS_1000
masked_pls (65).jpg,Phylosticta_LS_1000
masked_pls (495).jpg,Phylosticta_LS_1000
masked_pls (549).jpg,Phylosticta_LS_1000
masked_pls (126).jpg,Phylosticta_LS_1000
masked_pls (256).jpg,Phylosticta_LS_1000
masked_pls (291).jpg,Phylosticta_LS_1000
masked_pls (580).jpg,Phylosticta_LS_1000
masked_pls (224).jpg,Phylosticta_LS_1000
masked_pls (237).jpg,Phylosticta_LS_1000
masked_pls (364).jpg,Phylosticta_LS_1000
masked_pls (302).jpg,Phylosticta_LS_1000
masked_pls (555).jpg,Phylosticta_LS_1000
masked_pls (27).jpg,Phylosticta_LS_1000
masked_pls (493).jpg,Phylosticta_LS_1000
masked_pls (618).jpg,Phylosticta_LS_1000
masked_pls (461).jpg,Phylosticta_LS_1000
masked_pls (504).jpg,Phylosticta_LS_1000
masked_pls (336).jpg,Phylosticta_LS_1000
masked_pls (519).jpg,Phylosticta_LS_1000
masked_pls (306).jpg,Phylosticta_LS_1000
masked_pls (121).jpg,Phylosticta_LS_1000
masked_pls (423).jpg,Phylosticta_LS_1000
masked_pls (39).jpg,Phylosticta_LS_1000
masked_pls (599).jpg,Phylosticta_LS_1000
masked_pls (420).jpg,Phylosticta_LS_1000
masked_pls (138).jpg,Phylosticta_LS_1000
masked_pls (340).jpg,Phylosticta_LS_1000
masked_pls (419).jpg,Phylosticta_LS_1000
masked_pls (662).jpg,Phylosticta_LS_1000
masked_pls (45).jpg,Phylosticta_LS_1000
masked_pls (484).jpg,Phylosticta_LS_1000
masked_pls (150).jpg,Phylosticta_LS_1000
masked_pls (64).jpg,Phylosticta_LS_1000
masked_pls (460).jpg,Phylosticta_LS_1000
masked_pls (501).jpg,Phylosticta_LS_1000
masked_pls (61).jpg,Phylosticta_LS_1000
masked_pls (341).jpg,Phylosticta_LS_1000
masked_pls (162).jpg,Phylosticta_LS_1000
masked_pls (470).jpg,Phylosticta_LS_1000
masked_pls (145).jpg,Phylosticta_LS_1000
masked_pls (219).jpg,Phylosticta_LS_1000
masked_pls (76).jpg,Phylosticta_LS_1000
masked_pls (531).jpg,Phylosticta_LS_1000
masked_pls (6).jpg,Phylosticta_LS_1000
masked_pls (390).jpg,Phylosticta_LS_1000
masked_pls (153).jpg,Phylosticta_LS_1000
masked_pls (77).jpg,Phylosticta_LS_1000
masked_pls (332).jpg,Phylosticta_LS_1000
blight (287).jpg,Blight1000
blight (23).jpg,Blight1000
blight (37).jpg,Blight1000
blight (88).jpg,Blight1000
blight (148).jpg,Blight1000
blight (34).jpg,Blight1000
blight (95).jpg,Blight1000
blight (13).jpg,Blight1000
blight (19).jpg,Blight1000
blight (66).jpg,Blight1000
blight (227).jpg,Blight1000
blight (99).jpg,Blight1000
blight (248).jpg,Blight1000
blight (199).jpg,Blight1000
blight (24).jpg,Blight1000
blight (147).jpg,Blight1000
blight (119).jpg,Blight1000
blight (104).jpg,Blight1000
blight (106).jpg,Blight1000
blight (65).jpg,Blight1000
blight (109).jpg,Blight1000
blight (278).jpg,Blight1000
blight (230).jpg,Blight1000
blight (151).jpg,Blight1000
blight (281).jpg,Blight1000
blight (131).jpg,Blight1000
blight (225).jpg,Blight1000
blight (123).jpg,Blight1000
blight (17).jpg,Blight1000
blight (266).jpg,Blight1000
